{
  "budget": {
    "budgetary_impact": -114587818254.97015,
    "tax_revenue_impact": -114330553901.91095,
    "baseline_net_income": 16666646486974.783
  },
  "decile": {
    "relative": {
      "1": -0.002578820761595113,
      "2": 0.026578230968595965,
      "3": 0.09355264704165582,
      "4": 0.25231252714975433,
      "5": 0.5016589603022072,
      "6": 0.6674973500395112,
      "7": 0.7351677997669022,
      "8": 0.9526608605936467,
      "9": 1.0702262689409237,
      "10": 0.7961320152910886
    },
    "average": {
      "1": 3.185614775841473,
      "2": 12.548070965900177,
      "3": 56.88644916398495,
      "4": 190.17480987025286,
      "5": 457.7656514279238,
      "6": 740.2974325646038,
      "7": 1006.9265960681029,
      "8": 1644.792600612615,
      "9": 2535.2099406783886,
      "10": 3859.307681627954
    }
  },
  "poverty": {
    "all": {
      "baseline": 0.14733550335584594,
      "reform": 0.1472517951311114
    },
    "senior": {
      "baseline": 0.13137164852049849,
      "reform": 0.13135799483866176
    },
    "child": {
      "baseline": 0.19831721042170625,
      "reform": 0.19827172915143515
    },
    "adult": {
      "baseline": 0.13277302508299044,
      "reform": 0.13265356111744672
    }
  },
  "intra_decile": {
    "all": {
      "Gain more than 5%": 0.016143431074694854,
      "Gain less than 5%": 0.12803612426630923,
      "No change": 0.8558195309747246,
      "Lose less than 5%": 8.411705246924222e-07,
      "Lose more than 5%": 7.251374658608956e-08
    },
    "deciles": {
      "Gain more than 5%": [
        0.0008521251667895664,
        0.00026115470993871447,
        0.0019660303474864395,
        0.005810074266737982,
        0.0070740289325497765,
        0.013493222832218547,
        0.020521507000053344,
        0.0443146540326752,
        0.05123603885378913,
        0.015905474604709827
      ],
      "Gain less than 5%": [
        0.00033908694599508766,
        0.018075394071861987,
        0.02730641265196557,
        0.06925239647416741,
        0.13838529834556135,
        0.18279452886586645,
        0.17638602908207807,
        0.18164921289848412,
        0.2150667065026289,
        0.27110617682448335
      ],
      "No change": [
        0.9988073183657673,
        0.9816634512181993,
        0.970727557000548,
        0.9249369172494848,
        0.8545406727218888,
        0.8037085545627839,
        0.803091486292653,
        0.7740337491215324,
        0.7336972546435819,
        0.7129883485708068
      ],
      "Lose less than 5%": [
        7.443839821913575e-07,
        0.0,
        0.0,
        6.120096098231305e-07,
        0.0,
        3.693739131106303e-06,
        9.776252155064084e-07,
        2.383947308297023e-06,
        0.0,
        0.0
      ],
      "Lose more than 5%": [
        7.251374658608956e-07,
        0.0,
        0.0,
        0.0,
        0.0,
        0.0,
        0.0,
        0.0,
        0.0,
        0.0
      ]
    }
  },
  "metadata": {
    "time_period": 2026,
    "region": "us",
    "dataset": "populace-us-2024-buildi-sparse-rmloss100-6e8e929-20260709T034135Z",
    "model_version": "1.764.6",
    "budgetary_impact": -114587818254.97015,
    "api_base": "https://api.policyengine.org",
    "baseline_policy_id": 2,
    "reform_policy_id": 97925,
    "generated_at": "2026-07-14T12:53:39.623395+00:00"
  }
}
